Model,Execution Time (s)
gpt-4o,81.3248541355133
gpt-4o-mini,105.38493204116821
